{
    "root_group": {
        "name": "",
        "path": "",
        "id": "d41d8cd98f00b204e9800998ecf8427e",
        "groups": {},
        "checks": {
                "valid response": {
                    "fails": 15559,
                    "name": "valid response",
                    "path": "::valid response",
                    "id": "74e6940490a7b557672e61f02e36f4e8",
                    "passes": 991
                }
            }
    },
    "metrics": {
        "http_req_waiting": {
            "p(90)": 15000.0533,
            "p(95)": 15000.62555,
            "avg": 2732.661635045309,
            "min": 3.641,
            "med": 624.1675,
            "max": 15031.539
        },
        "checks": {
            "passes": 991,
            "fails": 15559,
            "value": 0.05987915407854985
        },
        "http_reqs": {
            "count": 16550,
            "rate": 137.9146967850809
        },
        "http_req_sending": {
            "avg": 0.01872132930513469,
            "min": 0.002,
            "med": 0.011,
            "max": 2.608,
            "p(90)": 0.037,
            "p(95)": 0.057
        },
        "http_req_duration": {
            "avg": 2732.714049607257,
            "min": 3.665,
            "med": 624.233,
            "max": 15031.587,
            "p(90)": 15000.096099999999,
            "p(95)": 15000.6651,
            "thresholds": {
                "p(95)<1000": true
            }
        },
        "http_req_duration{expected_response:true}": {
            "avg": 5493.372334008096,
            "min": 115.705,
            "med": 4824.211499999999,
            "max": 14948.312,
            "p(90)": 12880.3328,
            "p(95)": 13393.284749999999
        },
        "http_req_receiving": {
            "avg": 0.03369323262839834,
            "min": 0,
            "med": 0.024,
            "max": 7.583,
            "p(90)": 0.067,
            "p(95)": 0.088
        },
        "data_sent": {
            "count": 5385854,
            "rate": 44881.47560959004
        },
        "http_req_failed": {
            "passes": 15562,
            "fails": 988,
            "thresholds": {
                "rate<0.05": true
            },
            "value": 0.9403021148036254
        },
        "data_received": {
            "count": 4003856,
            "rate": 33364.990103391356
        },
        "vus": {
            "value": 1,
            "min": 1,
            "max": 500
        },
        "payment_success_rate": {
            "passes": 988,
            "fails": 15562,
            "thresholds": {
                "rate>0.90": true
            },
            "value": 0.059697885196374624
        },
        "iteration_duration": {
            "avg": 2732.9516553107946,
            "min": 3.754458,
            "med": 624.3617705,
            "max": 15042.456541,
            "p(90)": 15000.5833827,
            "p(95)": 15001.29390175
        },
        "iterations": {
            "count": 16550,
            "rate": 137.9146967850809
        },
        "vus_max": {
            "max": 500,
            "value": 500,
            "min": 500
        },
        "http_req_blocked": {
            "avg": 0.04607347432022175,
            "min": 0,
            "med": 0.002,
            "max": 5.582,
            "p(90)": 0.23,
            "p(95)": 0.29
        },
        "rate_limited": {
            "fails": 16550,
            "passes": 0,
            "value": 0
        },
        "http_req_tls_handshaking": {
            "med": 0,
            "max": 0,
            "p(90)": 0,
            "p(95)": 0,
            "avg": 0,
            "min": 0
        },
        "http_req_connecting": {
            "p(95)": 0.237,
            "avg": 0.0361058610271903,
            "min": 0,
            "med": 0,
            "max": 5.55,
            "p(90)": 0.191
        }
    }
}